"","PROBEID","ENTREZID","SYMBOL","logFC","AveExpr","t","P.Value","adj.P.Val","B"
"1","TC2000008678.hg.1","1471","CST3",-1.50309638827628,8.34440509526255,-6.75661163033016,1.54312139788508e-06,0.003224584946068,5.27632888898359
"2","TC0300013051.hg.1","11235","PDCD10",1.24445879253709,7.0957906240742,6.61697521089062,2.06480576451156e-06,0.003224584946068,5.01340820177117
"3","TC1900007891.hg.1","10870","HCST",-1.57595045353329,7.79418999492148,-6.61030048165894,2.09388632861558e-06,0.003224584946068,5.00076351763509
"4","TC1200008255.hg.1","23390","ZDHHC17",1.2212593436163,5.03011187839097,6.24230994353814,4.56805932462126e-06,0.00527610851993755,4.29296421680653
"5","TC0600007377.hg.1","8342","H2BC14",-2.15275179762167,7.52707097228262,-6.0222123084688,7.34433532009826e-06,0.00616387840760655,3.85985672524689
"6","TC1100006547.hg.1","6150","MRPL23",-1.06150129538558,3.12481273292021,-5.98258036541553,8.00503689299552e-06,0.00616387840760655,3.78111822314902
"7","TC0100013623.hg.1","81493","SYNC",-1.07777518988008,3.77506745049234,-5.83500448069462,1.10508451519242e-05,0.00729355780026997,3.4859637653779
"8","TC0X00010880.hg.1","56180","MOSPD1",1.25068304491092,4.85521847211036,5.74931416220636,1.33420094973258e-05,0.00770501048470563,3.31319529123819
"9","TC0100015891.hg.1","200186","CRTC2",1.03161942129725,7.66258037979688,5.67577717791017,1.56941024455353e-05,0.00805630592204148,3.16414064789511
"10","TC0400011013.hg.1","5473","PPBP",1.85980437725445,9.22829547617811,5.47040766872823,2.47776214850974e-05,0.0102905048737164,2.74415488184743
"11","TC0200008268.hg.1","10578","GNLY",-1.20260307153873,9.23527203108836,-5.43787447283572,2.66476232403695e-05,0.0102905048737164,2.67714039456475
"12","TC1100007257.hg.1","847","CAT",1.5347812134981,7.27379664656847,5.39739488483498,2.91771359897092e-05,0.0102905048737164,2.59357966730833
"13","TC1800009268.hg.1","1824","DSC2",1.96622809806684,6.28490938747093,5.38758736989673,2.98260578337502e-05,0.0102905048737164,2.57330505224211
"14","TC0200006677.hg.1","6241","RRM2",-1.74134314208758,5.48064386221863,-5.36775939659871,3.1183348102171e-05,0.0102905048737164,2.5322811144977
"15","TC1900009636.hg.1","65095","KRI1",-0.990555245504363,7.1072382481607,-5.31797409347539,3.48759558052798e-05,0.0107417943880262,2.42907478776151
"16","TC1700012313.hg.1","6182","MRPL12",-0.982829802649075,7.0994388227995,-5.17827602007273,4.7804787666495e-05,0.0131928953850094,2.13799724144527
"17","TC1900010746.hg.1","56915","EXOSC5",-1.01469573630929,5.52173811375214,-5.17148706357118,4.8545286048736e-05,0.0131928953850094,2.12379807830291
"18","TC1800006448.hg.1","7298","TYMS",-1.33456480211888,4.54558975268972,-5.11921617685237,5.46521261142744e-05,0.0140273790359971,2.01431346715279
"19","TC0400010449.hg.1","81793","TLR10",1.21139611131058,6.35617849705532,5.09207078187763,5.81264042298827e-05,0.0141338940811609,1.9573464374732
"20","TC1900006976.hg.1","51073","MRPL4",-0.986334422280533,4.0800942346166,-5.0645745837515,6.18748941989405e-05,0.0142931005599553,1.89956890732506
"21","TC0300012768.hg.1","1356","CP",-0.956624565067932,2.28541655273592,-4.9938070637258,7.26937571111066e-05,0.014935514551861,1.75053235199025
"22","TC0400012795.hg.1","81608","FIP1L1",0.887725260301839,8.14587355059535,4.98586809414268,7.40217535708509e-05,0.014935514551861,1.73378373606277
"23","TC0500010998.hg.1","202243","CCDC125",0.971178185886135,5.63758179599367,4.98006925236713,7.50073101542243e-05,0.014935514551861,1.72154645832198
"24","TC0600011142.hg.1","8355","H3C8",-1.40330985925443,4.83162447391445,-4.94003610831927,8.21848616813728e-05,0.014935514551861,1.63698236808366
"25","TC1100013186.hg.1","84447","SYVN1",1.03671000023798,7.56537657220211,4.9252470162169,8.50095068414296e-05,0.014935514551861,1.60570689593158
"26","TC0100008631.hg.1","84251","SGIP1",1.33248772938182,3.97725399338512,4.92486657063565,8.50834560970451e-05,0.014935514551861,1.60490209258775
"27","TC0600011499.hg.1","3119","HLA-DQB1",-1.40260179459851,6.16627165924662,-4.91368905455436,8.72854746537334e-05,0.014935514551861,1.58125137003281
"28","TC0X00006758.hg.1","22866","CNKSR2",1.09895666903643,5.318107356632,4.89649996495968,9.07852285815561e-05,0.0149795627159568,1.54485989608302
"29","TC0700009232.hg.1","669","BPGM",1.30350516813819,7.13252532443532,4.87102062788018,9.62366942513585e-05,0.0153315009462509,1.4908714720899
"30","TC1500008485.hg.1","3480","IGF1R",1.24918694111109,7.11709790642555,4.85420958001641,0.000100014224130695,0.015402190516127,1.45522124447903
"31","TC0100015866.hg.1","6275","S100A4",-1.00751465492874,7.69147644178347,-4.81686356279946,0.000108953177814298,0.0162375381129695,1.37594311160644
"32","TC2000009602.hg.1","81030","ZBP1",-1.61796733145807,5.63260888134053,-4.80200726603636,0.000112730495070557,0.0162754652258117,1.34437604512799
"33","TC0700008809.hg.1","54674","LRRN3",1.05577906504183,5.58832962804972,4.78663077681878,0.000116779936697425,0.0163491911376395,1.31168607042606
"34","TC0300012187.hg.1","54554","WDR5B",0.811215984320725,4.74722410147651,4.75801218067894,0.000124713382982382,0.0169463479229001,1.25079723154714
"35","TC2000009874.hg.1","9491","PSMF1",1.08856468031617,9.40493105676478,4.69745535608904,0.000143347749427136,0.0188306005484941,1.12176584658511
"36","TC0500007491.hg.1","202309","GAPT",1.63806585206025,7.08951107285748,4.67213064179103,0.000151954041325455,0.0188306005484941,1.06773228970041
"37","TC1700009877.hg.1","125150","ZSWIM7",1.07406599436461,3.7534009041869,4.65817754346244,0.00015691725235006,0.0188306005484941,1.03794404754995
"38","TC0100011197.hg.1","149345","SHISA4",1.34062640043972,5.22917834106139,4.65480278276715,0.000158142099321913,0.0188306005484941,1.03073749963569
"39","TC0600008120.hg.1","55362","TMEM63B",1.19394069424774,6.05732713126892,4.65256499574344,0.000158959615019755,0.0188306005484941,1.02595848539033
"40","TC1100006860.hg.1","55031","USP47",0.898688486620856,6.85241340812755,4.63989946004968,0.000163667821840485,0.0188708854608643,0.998904211927998
"41","TC0500010651.hg.1","2255","FGF10",-0.88276076083641,3.98385527773316,-4.62281116123278,0.000170244358946869,0.0188708854608643,0.962387388881861
"42","TC0600011233.hg.1","8354","H3C11",-0.949334664903684,6.61094715577272,-4.61948923743538,0.000171553504189675,0.0188708854608643,0.955286606481565
"43","TC0500011316.hg.1","6228","RPS23",1.25564129644714,8.58385331177059,4.60088699912168,0.000179074769465635,0.0192401263937496,0.915511605150841
"44","TC1000009221.hg.1","54764","ZRANB1",1.05019332566142,6.79580608533617,4.58150486700082,0.000187266093308669,0.0194185840939976,0.874048336314525
"45","TC0300012007.hg.1","131450","CD200R1",1.32777063531513,4.05231403751851,4.56854629830842,0.000192952774413516,0.0194185840939976,0.846315271014014
"46","TC2000007479.hg.1","5266","PI3",2.66357935405597,8.65795309716922,4.53712644840357,0.000207475642295326,0.0194185840939976,0.77903617889687
"47","TC0400012828.hg.1","55024","BANK1",1.21105358869478,5.11134576972123,4.53611185630788,0.00020796256899214,0.0194185840939976,0.776862807412122
"48","TC1000008399.hg.1","439996","IFIT1B",1.11440122328246,3.47066521589894,4.53599074824988,0.0002080207686007,0.0194185840939976,0.776603376798202
"49","TC0100008797.hg.1","26289","AK5",1.19837156835229,4.45255480919865,4.53063753890563,0.000210609790808179,0.0194185840939976,0.765135323014953
"50","TC0300010123.hg.1","51185","CRBN",0.984399960572277,5.85566994432492,4.52411554294518,0.000213808067961259,0.0194185840939976,0.751161516280797
"51","TC2000009376.hg.1","6780","STAU1",0.825145014334839,8.22224725356968,4.51027649382027,0.000220757768061124,0.0194185840939976,0.721503699822786
"52","TC0X00009493.hg.1","80258","EFHC2",1.33461369860431,3.63712633651425,4.50048164877372,0.000225813862681187,0.0194185840939976,0.700507417840627
"53","TC0X00009387.hg.1","6103","RPGR",0.96577820309441,5.77016621589768,4.49680987244533,0.000227739191321518,0.0194185840939976,0.692635448031412
"54","TC0400010465.hg.1","7358","UGDH",1.08636585505305,4.31484982566456,4.48604058924046,0.000233482184319756,0.0194185840939976,0.669543553706527
"55","TC1900011257.hg.1","27181","SIGLEC8",1.1849903577423,4.53781999074973,4.47727202812801,0.000238265949564657,0.0194185840939976,0.650737916027153
"56","TC0300012186.hg.1","131076","MIX23",0.908847772491792,3.36970646080754,4.46618104322232,0.000244458551870713,0.0194185840939976,0.626946739926569
"57","TC1300008424.hg.1","219333","USP12",1.14800155272791,6.666107416127,4.44712809157881,0.000255477860778015,0.0194185840939976,0.586064548988262
"58","TC0600011131.hg.1","3010","H1-6",-0.99727712327162,4.96947443616274,-4.44313428928498,0.000257850413595812,0.0194185840939976,0.57749314821268
"59","TC0600011232.hg.1","3009","H1-5",-1.40200500961897,6.70967355131007,-4.4420286647756,0.000258511134443679,0.0194185840939976,0.575120173725289
"60","TC0700010376.hg.1","23161","SNX13",0.875301237138461,7.17477146269756,4.43639106186026,0.000261906783364103,0.0194185840939976,0.563019591035578
"61","TC0700012917.hg.1","27010","TPK1",1.21106176667319,5.34100821414471,4.43325818610611,0.000263813169611523,0.0194185840939976,0.556294642684937
"62","TC0600011546.hg.1","51596","CUTA",-0.819929210195023,6.95177298606621,-4.43281619841462,0.00026408324645673,0.0194185840939976,0.555345853605459
"63","TC1000008881.hg.1","4601","MXI1",1.2633519687313,8.12968968635503,4.43164725377006,0.000264798874009058,0.0194185840939976,0.552836513080471
"64","TC1300006481.hg.1","7750","ZMYM2",1.14560680417952,5.01736830936554,4.41074102002498,0.000277932696664407,0.0199780814450694,0.507949180715669
"65","TC0700013441.hg.1","3475","IFRD1",1.30154159439397,7.81596525647362,4.40177127185811,0.000283767015993232,0.0199780814450694,0.488685646305633
"66","TC0100006989.hg.1","23341","DNAJC16",0.891263348239877,6.64608915050071,4.39555704234119,0.0002878811875697,0.0199780814450694,0.475338280482321
"67","TC1200006604.hg.1","928","CD9",1.46649509446455,6.83607158949536,4.39280039273637,0.000289725423554037,0.0199780814450694,0.469416937211329
"68","TC0600014258.hg.1","3106","HLA-B",-1.02342770971235,10.0580544373917,-4.35892752093233,0.000313381767819362,0.0212720210459298,0.39663754584991
"69","TC2100008168.hg.1","3150","HMGN1",-0.78125524714415,6.5017690475136,-4.35302442369057,0.000317699015621029,0.0212720210459298,0.38395059594375
"70","TC0X00011014.hg.1","494119","SPANXN2",-0.834055840165679,3.76111412975488,-4.31323763424113,0.00034839990461905,0.0229943937048573,0.298416369897039
"71","TC0600013272.hg.1","9774","BCLAF1",1.02401195745316,7.08470675625981,4.30296130732677,0.000356803185807075,0.0232173340623759,0.276317874465614
"72","TC0600011140.hg.1","8968","H3C7",-1.11428369214906,5.81022494075201,-4.28998630426392,0.000367704877143734,0.0235943962833896,0.248412780395728
"73","TC0400008841.hg.1","255520","ELMOD2",1.01368159446168,5.730042948991,4.27419228908337,0.000381427832739733,0.0238708943727411,0.21444031190518
"74","TC1000006802.hg.1","57118","CAMK1D",1.3609289127885,6.17760840052166,4.26997681419739,0.000385176744568869,0.0238708943727411,0.205372157667661
"75","TC0700012123.hg.1","375611","SLC26A5",-0.873467306865633,2.79189818622421,-4.26736890763695,0.000387514519038005,0.0238708943727411,0.199761979586709
"76","TC1700007931.hg.1","3430","IFI35",-0.882729569964709,6.14483538797742,-4.25745690591431,0.000396530567911848,0.0241048845230624,0.17843803698978
"77","TC1900007950.hg.1","163081","ZNF567",1.1109695825961,4.7206691951543,4.24827881288471,0.000405066781142208,0.0243040068685325,0.158691562486784
"78","TC1200010109.hg.1","3945","LDHB",1.04050679554595,6.56846915441507,4.23088650832351,0.000421752076787605,0.0244043178234688,0.121269040343534
"79","TC1700009256.hg.1","26502","NARF",0.918954045975879,7.61386068734222,4.23039542220922,0.00042223308386398,0.0244043178234688,0.120212326167209
"80","TC0400012945.hg.1","51170","HSD17B11",0.980646783547341,8.72930081543539,4.22432235965458,0.000428227204665356,0.0244043178234688,0.107144127718004
"81","TC0200015424.hg.1","130540","FLACC1",0.893550100572854,4.55080308630987,4.22074018753628,0.000431802776579608,0.0244043178234688,0.0994356988578105
"82","TC0X00011223.hg.1","4354","MPP1",1.23241625207638,8.59648150934139,4.21763580438729,0.000434925661739067,0.0244043178234688,0.0927553016994311
"83","TC0700011550.hg.1","100101267","POM121C",0.899170191410299,8.37820431220717,4.21417624201018,0.000438432549642405,0.0244043178234688,0.0853104639692717
"84","TC0300009855.hg.1","3556","IL1RAP",1.38075886626846,6.22074550696466,4.19834160723375,0.000454849389639777,0.0245116832424032,0.0512334886471386
"85","TC1700011892.hg.1","7083","TK1",-0.922653016008979,4.8708773137281,-4.19739527196892,0.000455849821877714,0.0245116832424032,0.0491968549995789
"86","TC0300013896.hg.1","64747","MFSD1",0.936083258795557,7.91948245367796,4.19699080185853,0.000456278086330449,0.0245116832424032,0.0483263817749524
"87","TC0100016044.hg.1","83416","FCRL5",0.832098266716981,4.99991559961987,4.18801389952025,0.000465887641886756,0.0247402402932967,0.0290065816480123
"88","TC0400011014.hg.1","6374","CXCL5",1.126910685256,5.91591389602175,4.18059222983476,0.000473985432962209,0.024884235230516,0.0130334905860554
"89","TC1400007307.hg.1","5926","ARID4A",0.903776334215203,6.20289381837038,4.17050825204241,0.000485214680236866,0.0251875485695991,-0.00866997322453944
"90","TC1900009832.hg.1","84658","ADGRE3",1.47641862323962,8.08242065886016,4.16064963854275,0.000496450737862942,0.0254074595865353,-0.0298888142286202
"91","TC0600009144.hg.1","91749","MFSD4B",0.751697659340486,5.72033463207276,4.15719456375598,0.000500449961552968,0.0254074595865353,-0.0373252971105016
"92","TC0200016626.hg.1","129642","MBOAT2",1.2289109932665,6.09307136771299,4.14919061417756,0.000509838937469805,0.0254196527883659,-0.0545525899071695
"93","TC0200015099.hg.1","57703","CWC22",1.06291346241961,5.67864418109073,4.14762642797123,0.000511694309376196,0.0254196527883659,-0.0579192765172243
"94","TC2200007312.hg.1","3956","LGALS1",-0.944484140661335,7.70621451875858,-4.13790494811313,0.000523378156235991,0.0255130517690976,-0.0788434067513171
"95","TC0700008588.hg.1","10467","ZNHIT1",-0.90552504237306,5.76456125434004,-4.13678268432126,0.000524744052047472,0.0255130517690976,-0.0812589238002985
"96","TC0500012567.hg.1","10826","FAXDC2",1.55471515069138,8.82577733967009,4.1145348837643,0.000552570796558907,0.0255130517690976,-0.129143847376275
"97","TC0300013330.hg.1","54165","DCUN1D1",1.37549876872682,5.79209098956191,4.10960951252139,0.000558928367944533,0.0255130517690976,-0.139744753358722
"98","TC1900007679.hg.1","79156","PLEKHF1",-0.794249904039334,5.83362694554699,-4.10786898046938,0.000561192480721875,0.0255130517690976,-0.143490886554958
"99","TC0600007067.hg.1","2766","GMPR",1.30722741715488,7.13822010400747,4.10706385636358,0.000562242903068733,0.0255130517690976,-0.145223744049598
"100","TC2000007820.hg.1","57091","CASS4",0.924393074619445,5.4370262027537,4.09979178800104,0.000571820182984734,0.0255130517690976,-0.160875168585838
"101","TC0900007143.hg.1","84186","ZCCHC7",1.03146902180241,6.08087352422248,4.0995128511339,0.000572190775901342,0.0255130517690976,-0.161475509159712
"102","TC0100007333.hg.1","57095","PITHD1",1.20202447002481,6.77845742949226,4.09584213245028,0.000577090114457496,0.0255130517690976,-0.169375753008199
"103","TC0400012818.hg.1","901","CCNG2",1.08929189506084,8.00918915455082,4.09565591554953,0.000577339775692117,0.0255130517690976,-0.169776533047009
"104","TC0400011383.hg.1","10098","TSPAN5",1.3838616045488,7.23488877268653,4.09487727246238,0.000578384874988276,0.0255130517690976,-0.171452343122775
"105","TC0X00010375.hg.1","84460","ZMAT1",0.948404477038322,4.80963660367296,4.09379393620864,0.000579842085661309,0.0255130517690976,-0.173783912913812
"106","TC0600007487.hg.1","3135","HLA-G",-0.717973970662797,8.71546256919053,-4.07975178238226,0.000599066192700886,0.025897529766848,-0.204004838102591
"107","TC1900006470.hg.1","682","BSG",1.06417681249892,9.16409736377563,4.07771154353355,0.000601911904093334,0.025897529766848,-0.20839561997995
"108","TC1600007931.hg.1","54947","LPCAT2",1.02401462421018,9.78619346030564,4.07522614469787,0.000605396799744499,0.025897529766848,-0.213744376339733
"109","TC1700010677.hg.1","3880","KRT19",-0.839650404884223,5.29660474568116,-4.06624630515337,0.000618156908869956,0.0262007790732036,-0.233069135126173
"110","TC0600012240.hg.1","55788","LMBRD1",0.926946327583429,8.03384120590336,4.04910945642872,0.000643259132500458,0.0269665830940701,-0.269945421190092
"111","TC1200010908.hg.1","6773","STAT2",-1.17252725425736,6.47983181708572,-4.04601563647938,0.000647898424987398,0.0269665830940701,-0.276602528951714
"112","TC0700012180.hg.1","6856","SYPL1",0.813593930909475,5.37658571008711,4.02793977618805,0.000675680222162751,0.0275926125880826,-0.315494376111072
"113","TC0100009056.hg.1","343099","CCDC18",0.884485042408032,3.88255681686614,4.02758263080726,0.000676240969036932,0.0275926125880826,-0.316262755407102
"114","TC0600009753.hg.1","134957","STXBP5",0.926133168146852,6.60493020629831,4.0217499722829,0.000685464802186775,0.0275926125880826,-0.32881110671581
"115","TC0200009964.hg.1","8520","HAT1",1.02349097861402,6.42357166322319,4.01769758553863,0.000691947202742174,0.0275926125880826,-0.33752904351276
"116","TC1200008466.hg.1","11163","NUDT4",0.984030694219443,8.58086945135771,4.01716634634971,0.000692801528185623,0.0275926125880826,-0.338671881514207
"117","TC1000010497.hg.1","220972","MARCHF8",1.09429025715084,8.24204073706146,4.00404786204814,0.000714235918838234,0.0279757429299164,-0.366891580410275
"118","TC0200008291.hg.1","55818","KDM3A",0.988398765366269,5.03323902114325,3.99930796007263,0.00072214232176984,0.0279757429299164,-0.377086939998048
"119","TC1600007959.hg.1","4493","MT1E",-1.14522551192228,5.76537666778395,-3.99518233220641,0.000729095198519531,0.0279757429299164,-0.38596063683505
"120","TC1100008257.hg.1","55107","ANO1",-0.796516022532948,4.45347443588751,-3.99323481815837,0.000732400510425326,0.0279757429299164,-0.390149363428669
"121","TC0X00011309.hg.1","3188","HNRNPH2",0.977037901969732,6.78070913538224,3.98960165582312,0.000738606741792165,0.0279757429299164,-0.39796337190274
"122","TC0600009143.hg.1","117247","SLC16A10",0.915226870611689,5.01599798359922,3.98951617933193,0.000738753384729393,0.0279757429299164,-0.398147206575865
"123","TC0900010959.hg.1","55363","HEMGN",1.68007255638072,4.53260502285863,3.98241922659073,0.000751030823456814,0.0280261175125408,-0.413410074642858
"124","TC1900011776.hg.1","3770","KCNJ14",-0.864956678204869,4.50457089219836,-3.97850767907574,0.00075788449849871,0.0280261175125408,-0.421821835300768
"125","TC0X00011174.hg.1","57595","PDZD4",-0.798730867592533,7.24263415298064,-3.97121816928422,0.000770823934828887,0.0280261175125408,-0.437496892833194
"126","TC2100008536.hg.1","54039","PCBP3",0.917458892546512,3.56753758089025,3.9688748735339,0.000775030115485724,0.0280261175125408,-0.442535535993515
"127","TC1800007198.hg.1","6563","SLC14A1",1.55477993253677,5.94470725651605,3.96849987968443,0.000775705346672336,0.0280261175125408,-0.443341848941782
"128","TC0100018539.hg.1","100527964","LHX4-AS1",0.808747834495925,4.35097860585,3.96393708150657,0.000783968513517819,0.0280261175125408,-0.453152499951133
"129","TC0X00007149.hg.1","7076","TIMP1",-0.967053522666395,9.1514427067794,-3.96388974807599,0.000784054692453178,0.0280261175125408,-0.453254270557562
"130","TC0200015425.hg.1","66008","TRAK2",0.968513323661315,6.54858545581771,3.9598066828,0.000791524327902736,0.0280261175125408,-0.462032958125493
"131","TC1200008726.hg.1","255394","TCP11L2",1.10040778426074,7.42761957504194,3.95809328775987,0.000794679955442175,0.0280261175125408,-0.465716664464665
"132","TC0X00010966.hg.1","286410","ATP11C",1.02446146504371,5.15603436566919,3.9309332851681,0.0008464111267672,0.0295630444212507,-0.524097944570761
"133","TC1400010704.hg.1","1396","CRIP1",-0.755907457723017,5.90696165012418,-3.92724598516146,0.000853688447020601,0.0295630444212507,-0.532022181050563
"134","TC0600011225.hg.1","8331","H2AC14",-0.771706419485342,9.45430719891418,-3.92534918671887,0.000857456266763547,0.0295630444212507,-0.536098348083918
"135","TC1700007429.hg.1","124930","ANKRD13B",-0.74889520984185,6.45728191619617,-3.91745524294867,0.000873315761752733,0.0298093587194917,-0.553060941157262
"136","TC0800007738.hg.1","6386","SDCBP",0.971840461175304,9.40162970437583,3.91539396968283,0.000877504932002353,0.0298093587194917,-0.557489883404473
"137","TC0600012731.hg.1","9474","ATG5",0.92464598450185,4.58793185785408,3.9110239535243,0.000886452568101286,0.0298935099607879,-0.566879009399309
"138","TC0800008279.hg.1","79666","PLEKHF2",0.758709695803938,5.62444619306869,3.90552111213697,0.000897849115908509,0.0299897429253245,-0.578701097742295
"139","TC1500006946.hg.1","100505573","INAFM2",0.790474651060896,5.21031918745751,3.90339621990214,0.000902288802298723,0.0299897429253245,-0.583265843879148
"140","TC1400009973.hg.1","9252","RPS6KA5",1.09724675016977,5.11599486575991,3.89981694575017,0.000909816741704069,0.0300239524762343,-0.590954559104457
"141","TC0400008557.hg.1","54532","USP53",1.01507408034012,4.10400463112988,3.89314933474342,0.000924007328284439,0.0301846024906267,-0.605276134732832
"142","TC1400007562.hg.1","6430","SRSF5",0.808993602221895,9.48028822388826,3.89140693588971,0.000927751851443503,0.0301846024906267,-0.609018413653449
"143","TC0600014236.hg.1","81567","TXNDC5",-0.959592083790126,6.58730328573948,-3.88441891786966,0.000942922018986337,0.0303958671753581,-0.624025924074791
"144","TC0700013327.hg.1","55501","CHST12",-0.791462857544835,6.43161113341323,-3.88237590587919,0.000947403652218954,0.0303958671753581,-0.628413148977676
"145","TC2000008587.hg.1","57186","RALGAPA2",0.792987539333419,6.92793572865615,3.87695212655867,0.000959404650532909,0.0305686171411175,-0.640059527671614
"146","TC0900009944.hg.1","971","CD72",0.798242855411103,6.61700698309477,3.87111602686159,0.000972487094924424,0.0307732217708962,-0.652589940602406
"147","TC0100015750.hg.1","84072","HORMAD1",0.861971116107435,4.61888199856848,3.86606083715741,0.000983962478526748,0.0309245350394121,-0.663442556417737
"148","TC1100008041.hg.1","1521","CTSW",-1.05808479716282,8.34739571038889,-3.85879216063768,0.00100069916728961,0.0312380415734999,-0.679045240637745
"149","TC1900011648.hg.1","828","CAPS",-0.797090125503273,6.25325042423336,-3.84986857213311,0.00102163433786029,0.0314843507203567,-0.698197143000418
"150","TC0400007280.hg.1","57728","WDR19",0.93603712766149,4.544057099142,3.84936359056349,0.00102283199408252,0.0314843507203567,-0.699280833635668
"151","TC0100017118.hg.1","55432","YOD1",0.982320799011378,6.25376304389332,3.84675795498316,0.00102903397376058,0.0314843507203567,-0.704872344873444
"152","TC0700008574.hg.1","4584","MUC3A",-0.816034159785878,3.68671208053418,-3.83736147925513,0.00105171200622541,0.0317371322562814,-0.725033927079854
"153","TC1800006889.hg.1","8780","RIOK3",1.25027887154511,7.84495893189179,3.83520517334419,0.00105698591125143,0.0317371322562814,-0.729660029274139
"154","TC1100008985.hg.1","472","ATM",0.795803897447987,8.50257326226856,3.83117973764154,0.00106690183733855,0.0317371322562814,-0.738295537073136
"155","TC2100006854.hg.1","56911","MAP3K7CL",1.1513030142565,5.56868160357354,3.82782149394398,0.00107524501021551,0.0317371322562814,-0.745499162398495
"156","TC1400007354.hg.1","5494","PPM1A",0.867808445657791,8.42378040467079,3.82670845640415,0.00107802451667527,0.0317371322562814,-0.747886570430309
"157","TC0700011575.hg.1","22932","POMZP3",0.730990958822082,6.33732562593626,3.82631828528862,0.00107900055269397,0.0317371322562814,-0.748723452940109
"158","TC1900010633.hg.1","643669","CCER2",-0.69769049947055,6.93477530280966,-3.82377573695582,0.00108538244512824,0.0317371322562814,-0.754176810397745
"159","TC1700008128.hg.1","9520","NPEPPS",0.941996774744023,5.84313158238285,3.82090824747854,0.00109262500032381,0.031747971707522,-0.760326729647586
"160","TC1200011385.hg.1","8825","LIN7A",1.20131893097103,5.70560445833865,3.81421084408911,0.0011097286844066,0.0318952259830488,-0.774689073731287
"161","TC0300013795.hg.1","92106","OXNAD1",0.795340896821416,5.58530662953403,3.81352299577528,0.00111150029940928,0.0318952259830488,-0.776164010798112
"162","TC0100008536.hg.1","10207","PATJ",0.933760777747729,4.26063860070115,3.80558054972252,0.00113216157879528,0.0322875709508283,-0.793193037887173
"163","TC1000007199.hg.1","6935","ZEB1",0.774879048791868,6.49741340829803,3.80059392212809,0.00114532828656515,0.0324626790425215,-0.803882938480202
"164","TC1200011936.hg.1","6311","ATXN2",0.782044543724468,7.77987823108287,3.79734020395491,0.00115400134390923,0.0325090622491504,-0.81085726061865
"165","TC2000009956.hg.1","55251","PCMTD2",0.784387865447828,6.30644424109805,3.79134892155115,0.00117014268929778,0.0327336878513059,-0.823698027845658
"166","TC0300008242.hg.1","214","ALCAM",1.04678990055131,5.13513772309922,3.78896017950885,0.00117664066537989,0.0327336878513059,-0.828817129181989
"167","TC0100013445.hg.1","2537","IFI6",-2.2480027508116,8.27067901486663,-3.78655094155644,0.00118323070804504,0.0327336878513059,-0.833979831888243
"168","TC0300013962.hg.1","55129","ANO10",0.926278564596329,5.68926498760921,3.78225549603402,0.00119507122932746,0.0328644588065052,-0.843183638144694
"169","TC0X00008718.hg.1","8776","MTMR1",0.753918435553422,6.75892471386784,3.77757193862973,0.00120811575451032,0.0330265963659035,-0.853217852399804
"170","TC2200008411.hg.1","84164","ASCC2",0.827916965859778,8.04369181420901,3.76923922297683,0.00123167438670637,0.0334725627446084,-0.871067010536888
"171","TC1100010003.hg.1","51700","CYB5R2",-0.825700043596389,5.29674065962092,-3.76585559445017,0.00124137046219044,0.0335387809083031,-0.878313772011412
"172","TC0800010417.hg.1","115294","PCMTD1",0.751000103093965,7.85914127347985,3.75781697370956,0.00126471077663404,0.0339707196979609,-0.895527436266716
"173","TC0700007267.hg.1","57002","YAE1",0.98125987894039,3.57587469856396,3.74989756886742,0.00128813084685251,0.0341059904994284,-0.912481950481522
"174","TC0600007290.hg.1","8345","H2BC9",-1.08495026882295,6.63750281027234,-3.74986866089089,0.00128821712015207,0.0341059904994284,-0.912543831922761
"175","TC0300007068.hg.1","9943","OXSR1",0.810957658663635,8.23543757596043,3.74676219543933,0.001297521589061,0.0341059904994284,-0.919193336471766
"176","TC0600014206.hg.1","401285","TCP10L2",-0.702747466950343,6.21900782769782,-3.74617898855485,0.00129927582854965,0.0341059904994284,-0.920441644661309
"177","TC0600010797.hg.1","4117","MAK",1.13478076880136,4.29825612064475,3.73458624959737,0.00133463829626457,0.0348363216313124,-0.945250473904564
"178","TC0100009969.hg.1","284485","RIIAD1",-0.700718951659475,4.64564929242724,-3.72810262721901,0.00135483057809515,0.0351647037685369,-0.959121819875278
"179","TC1000008467.hg.1","54708","MARCHF5",0.856594386970146,6.30472335631685,3.72481230559393,0.0013651934137286,0.0352357182761236,-0.966160211512979
"180","TC0700010585.hg.1","221895","JAZF1",0.76130970284077,7.47042151514702,3.7159738712603,0.00139342078781921,0.0353136107817374,-0.985063063716757
"181","TC1200008920.hg.1","4940","OAS3",-1.91989725414891,7.34395566146793,-3.71498718847136,0.00139660765519876,0.0353136107817374,-0.987172961636879
"182","TC0100015921.hg.1","103","ADAR",-1.44095905419982,6.79892457772502,-3.71441725009557,0.00139845177978594,0.0353136107817374,-0.988391673110613
"183","TC0200015887.hg.1","8452","CUL3",0.765347620769675,6.72813269340803,3.71356224361966,0.00140122281544139,0.0353136107817374,-0.990219909763548
"184","TC0200010790.hg.1","151306","GPBAR1",-0.766033042549457,5.10083847239818,-3.71141716772247,0.0014081988906271,0.0353136107817374,-0.994806443219665
"185","TC0X00007744.hg.1","6451","SH3BGRL",0.78438138799964,8.37679251973012,3.70961904197192,0.00141407315900896,0.0353136107817374,-0.998650892227106
"186","TC0500013358.hg.1","6500","SKP1",0.837599192254783,7.87296531273007,3.70299618287266,0.00143591954376884,0.0356663886678066,-1.01280881391381
"187","TC1000007132.hg.1","25805","BAMBI",-0.70856497447489,4.3382163032973,-3.69739657915522,0.00145465135033447,0.0359384451259104,-1.02477685395918
"188","TC0500007772.hg.1","689","BTF3",0.98465052837333,7.83266197654611,3.6934262762895,0.00146807934659692,0.0360328174549921,-1.03326121804689
"189","TC1700008135.hg.1","30009","TBX21",-0.73341808229966,6.24006881906904,-3.69166665103624,0.00147406980497695,0.0360328174549921,-1.03702109361553
"190","TC0800008062.hg.1","65986","ZBTB10",0.834331755663828,3.68153763166038,3.68908618982849,0.00148289854254454,0.0360578487713462,-1.04253447830255
"191","TC0900011918.hg.1","2219","FCN1",-0.747099195046831,8.9754613246909,-3.68007439135665,0.00151414427480289,0.036283463207345,-1.06178511525889
"192","TC0300013859.hg.1","4345","CD200",0.869633492559203,4.84856212955142,3.67897981800763,0.00151798352665345,0.036283463207345,-1.06412288397381
"193","TC1400006739.hg.1","4776","NFATC4",-0.805816225388106,5.20446771490141,-3.67668078542411,0.001526078882599,0.036283463207345,-1.0690328183446
"194","TC1400009128.hg.1","8814","CDKL1",1.03343297965466,4.98448012536148,3.67480259355083,0.00153272409807749,0.036283463207345,-1.07304368509515
"195","TC0800007697.hg.1","79145","CHCHD7",0.65586080369398,4.20043333986935,3.67465931615297,0.00153323220160411,0.036283463207345,-1.07334964201711
"196","TC1700009900.hg.1","57336","ZNF287",0.675479652112038,2.96955205319559,3.67143251284518,0.0015447196765912,0.036283463207345,-1.0802397945708
"197","TC0900008463.hg.1","84263","HSDL2",1.17174481564345,6.03753012962246,3.66961705673151,0.0015512201562912,0.036283463207345,-1.0841159630852
"198","TC0300012943.hg.1","56925","LXN",1.07516283017839,4.31330864243612,3.66856333401404,0.00155500556602907,0.036283463207345,-1.08636564272016
"199","TC0200008040.hg.1","10322","SMYD5",-0.717963775785198,5.7134787509338,-3.66546677697122,0.00156618270235988,0.0363232092281256,-1.09297623883082
"200","TC0900009513.hg.1","90871","DMAC1",0.737232232358904,4.9313060104128,3.66021947175037,0.00158530493388449,0.0363232092281256,-1.10417658447294
"201","TC1400007665.hg.1","80127","BBOF1",1.14882780946028,3.78674483390951,3.66017741489632,0.00158545912744298,0.0363232092281256,-1.10426634584334
"202","TC0400012173.hg.1","6423","SFRP2",1.31873148450183,3.96087667280948,3.65745765139586,0.00159546221908396,0.0363232092281256,-1.11007080214334
"203","TC0500012498.hg.1","309","ANXA6",-0.759246399873253,7.64034488597201,-3.65730654670529,0.00159601979941764,0.0363232092281256,-1.11039326903341
"204","TC1100007874.hg.1","5436","POLR2G",-0.906129990080426,4.70088920869217,-3.64570558790866,0.00163940849073083,0.0371277805253746,-1.13514496159994
"205","TC0200009829.hg.1","25801","GCA",1.17833216755721,8.58126344587745,3.64256131932713,0.00165136808611228,0.0372161978431158,-1.14185165646914
"206","TC0X00006715.hg.1","6322","SCML1",0.821528976627987,4.16646568207789,3.6378408431688,0.00166948524073569,0.0373653907539959,-1.15191885392544
"207","TC1000008005.hg.1","90550","MCU",0.784154405744313,5.90969469149283,3.63663011376685,0.00167416361170501,0.0373653907539959,-1.15450063633091
"208","TC1000010022.hg.1","5305","PIP4K2A",0.889596544335422,9.45363877382347,3.62840323211883,0.00170629832787982,0.0378052485949511,-1.17204053133863
"209","TC0200015764.hg.1","27013","CNPPD1",0.69731139309668,7.54355040674429,3.62726060146563,0.00171080950107097,0.0378052485949511,-1.17447619167582
"210","TC0100007574.hg.1","2035","EPB41",1.09297529502294,9.29583625253456,3.62176324124375,0.00173267883291507,0.0378052485949511,-1.18619293919951
"211","TC0100008271.hg.1","26994","RNF11",0.904569790369425,7.51019601220325,3.62130159765463,0.00173452785431542,0.0378052485949511,-1.1871767404488
"212","TC0200011992.hg.1","51277","DNAJC27",0.871605846366257,3.63279306020444,3.6211364993074,0.00173518959642069,0.0378052485949511,-1.18752857441059
"213","TC0800007027.hg.1","51312","SLC25A37",1.0517222639245,9.5179894627515,3.61529348222993,0.0017587708418518,0.0378052485949511,-1.19997884924261
"214","TC0900010352.hg.1","375743","PTAR1",0.735149421314963,6.44598326377287,3.61524222888606,0.00175897908565231,0.0378052485949511,-1.20008804644322
"215","TC0300008563.hg.1","84925","SLC49A4",0.8682404921872,7.17922338122509,3.61014979692268,0.00177979177813651,0.0378052485949511,-1.21093651309688
"216","TC2200009355.hg.1","10126","DNAL4",-0.927761869389288,5.32629113279751,-3.60994220921704,0.00178064533053699,0.0378052485949511,-1.21137869094212
"217","TC1600009165.hg.1","100507419","MMP25-AS1",0.876714363983245,4.99876628988139,3.6064489772036,0.00179506953448566,0.0378052485949511,-1.21881896966891
"218","TC1400010621.hg.1","91612","CHURC1",0.606323170581943,7.29106490811578,3.60521631328202,0.00180018695128067,0.0378052485949511,-1.221444175886
"219","TC0500006753.hg.1","651746","ANKRD33B",-0.773273404263983,5.01084221907939,-3.60487182010095,0.00180161969444752,0.0378052485949511,-1.22217781918193
"220","TC0100018236.hg.1","34","ACADM",0.728831822678922,4.75589556205727,3.60066662667148,0.00181920015408271,0.0378052485949511,-1.23113246757486
"221","TC0X00010837.hg.1","55796","MBNL3",0.985389457802206,9.14047231778319,3.60032517988153,0.00182063504465955,0.0378052485949511,-1.23185948313876
"222","TC0500011751.hg.1","56929","FEM1C",0.681182371143279,6.53076004247443,3.59787948593975,0.00183094553774826,0.0378052485949511,-1.23706659579207
"223","TC0700013420.hg.1","10095","ARPC1B",-0.661007494484086,8.56759711550225,-3.59547997890183,0.00184111738637928,0.0378052485949511,-1.24217484242339
"224","TC1400008355.hg.1","23186","RCOR1",0.886414844164782,5.3034298522272,3.59528651550069,0.00184193993334182,0.0378052485949511,-1.24258667856541
"225","TC0300013420.hg.1","10644","IGF2BP2",0.959535834355965,6.03978266542896,3.59342526837136,0.00184987195823197,0.0378052485949511,-1.24654864186352
"226","TC0600009142.hg.1","84154","RPF2",0.89905840782841,4.24200345798632,3.59300299909965,0.00185167622314892,0.0378052485949511,-1.24744746548005
"227","TC0300009357.hg.1","51068","NMD3",0.774281522028435,4.41472198893296,3.59102565825941,0.00186014813108993,0.0378052485949511,-1.2516561266471
"228","TC0100011549.hg.1","28982","FLVCR1",1.05768231854412,4.54311191149037,3.58973152357451,0.00186571356702356,0.0378052485949511,-1.25441042543621
"229","TC0500010511.hg.1","65250","CPLANE1",0.890369885015753,4.04522758288146,3.58350396052158,0.00189272613295086,0.0381851298438121,-1.2676623295869
"230","TC1300007969.hg.1","84945","ABHD13",0.7971412731168,6.42156805268912,3.57918035831485,0.00191170695145048,0.038275348437329,-1.2768605717085
"231","TC0100017100.hg.1","1939","EIF2D",0.797627941381894,5.04236378821875,3.57814884709898,0.00191626303802463,0.038275348437329,-1.27905479768297
"232","TC1000011040.hg.1","818","CAMK2G",0.776738095634171,6.76656717756598,3.57684166839568,0.00192205212932042,0.038275348437329,-1.28183527701522
"233","TC1500008245.hg.1","11057","ABHD2",0.768649759514194,9.06877338700276,3.56929952584279,0.00195579280768266,0.0386643451402166,-1.29787485689309
"234","TC0800008940.hg.1","51105","PHF20L1",0.765275872086037,7.04746228324052,3.56873891858589,0.00195832397463435,0.0386643451402166,-1.29906685969235
"235","TC0800008183.hg.1","734","OSGIN2",0.815458598530632,6.13812809979115,3.56297296888325,0.00198454591379004,0.0389035487911364,-1.31132505629679
"236","TC0400011440.hg.1","5530","PPP3CA",0.723782828856595,7.99640663382866,3.55946576641141,0.00200066490806757,0.0389035487911364,-1.31877964775155
"237","TC1100010897.hg.1","9246","UBE2L6",-1.07483569669581,9.06084243805516,-3.55914541985988,0.00200214363566066,0.0389035487911364,-1.31946048692206
"238","TC0200010448.hg.1","55437","STRADB",1.2193907540077,9.03906971971183,3.55604721238221,0.00201650081913185,0.0389035487911364,-1.326044647336
"239","TC0100011419.hg.1","4179","CD46",0.790910729188836,8.65527764004656,3.55487661537206,0.00202195180678248,0.0389035487911364,-1.32853209529853
"240","TC0400009217.hg.1","11275","KLHL2",1.01492691231525,6.61848308112948,3.55200840989804,0.00203536939716721,0.0389035487911364,-1.33462628087205
"241","TC1200010944.hg.1","9880","ZBTB39",0.888286178099769,4.6986736787287,3.55158394955922,0.00203736249036158,0.0389035487911364,-1.3355280780168
"242","TC1900011255.hg.1","89790","SIGLEC10",1.04389952347049,7.83136967936544,3.55148977927911,0.00203780493667857,0.0389035487911364,-1.33572814723972
"243","TC0400009284.hg.1","1182","CLCN3",0.964680579084217,6.8341458412644,3.5494381099345,0.0020474679962944,0.0389098896130865,-1.34008679483945
"244","TC1600010421.hg.1","4495","MT1G",-1.04010034507652,8.29814532251263,-3.54784949489228,0.00205498118302881,0.0389098896130865,-1.34346142032088
"245","TC0600013054.hg.1","57515","SERINC1",0.695238133719756,7.95473949861502,3.54057872603713,0.0020897161031439,0.0391027719432001,-1.35890312935534
"246","TC0100014009.hg.1","10420","TESK2",0.882018784076131,4.59408140417602,3.53991064510696,0.00209293665605304,0.0391027719432001,-1.36032173351381
"247","TC0200014550.hg.1","5000","ORC4",0.968285307178305,4.80313850022182,3.53960476180635,0.00209441283147675,0.0391027719432001,-1.36097123133344
"248","TC0100006982.hg.1","79180","EFHD2",-0.753931066368671,8.23628045695232,-3.53829359948949,0.00210075207091087,0.0391027719432001,-1.36375518106341
"249","TC0X00009611.hg.1","92745","SLC38A5",0.983365520830295,7.42508792503326,3.536761772094,0.00210818216116611,0.0391027719432001,-1.36700743771667
"250","TC0100008517.hg.1","4774","NFIA",0.732204349270706,5.26307880118886,3.535165818675,0.00211595086272728,0.0391027719432001,-1.37039558390202
"251","TC0X00006581.hg.1","6907","TBL1X",0.807698309535966,6.97040679546213,3.53171451189806,0.00213284763591219,0.0391806880417389,-1.3777216684461
"252","TC0100009064.hg.1","54874","FNBP1L",0.875073935775442,3.82655219647169,3.52975003050827,0.00214252461889412,0.0391806880417389,-1.38189111616925
"253","TC0X00007026.hg.1","8239","USP9X",0.846230576610338,8.29392215792458,3.52644601454589,0.0021588978460904,0.0391806880417389,-1.3889027018907
"254","TC1900009970.hg.1","684","BST2",-0.937959871418951,4.67037930175546,-3.52412486607074,0.00217047413928179,0.0391806880417389,-1.39382781717118
"255","TC2200007626.hg.1","25814","ATXN10",0.791601313351387,6.92188139920408,3.52316795072027,0.00217526437164409,0.0391806880417389,-1.39585807649197
"256","TC1400008056.hg.1","3429","IFI27",-2.2907428378664,6.49091032495056,-3.52168227958248,0.00218272216817445,0.0391806880417389,-1.39900998899148
"257","TC0900009882.hg.1","25853","DCAF12",0.979194382332004,9.38217912727324,3.52050975494373,0.00218862581872995,0.0391806880417389,-1.40149738256558
"258","TC0300012813.hg.1","9934","P2RY14",1.82930090405816,6.63361980991862,3.51896905644653,0.00219640715767451,0.0391806880417389,-1.40476559722448
"259","TC0300013923.hg.1","3568","IL5RA",1.53363255026856,6.27610021101858,3.518952066541,0.00219649311749142,0.0391806880417389,-1.40480163573601
"260","TC0100008025.hg.1","4904","YBX1",0.695101217125888,9.06331138785236,3.50816190607676,0.00225176072183972,0.0395962511952341,-1.4276831445216
"261","TC1900011127.hg.1","3270","HRC",-0.72072016775687,5.94566587445015,-3.50629741977216,0.00226144857983501,0.0395962511952341,-1.43163567563444
"262","TC1100012966.hg.1","9645","MICAL2",0.921530018042636,7.92323170721848,3.5059795066581,0.00226310454769025,0.0395962511952341,-1.43230958281283
"263","TC0400012150.hg.1","201799","TMEM154",1.00020697372669,8.83297370653768,3.50386837650336,0.00227413149963866,0.0395962511952341,-1.4367844417448
"264","TC1300008760.hg.1","94240","EPSTI1",-1.63041157821364,6.72908193999517,-3.50336256987602,0.0022767813032214,0.0395962511952341,-1.43785650247511
"265","TC0200016705.hg.1","100526767","RNF103-CHMP3",0.700064090976692,7.18108373479584,3.50314906066504,0.0022779007412897,0.0395962511952341,-1.43830902830552
"266","TC2000008436.hg.1","55617","TASP1",0.68374267778974,5.09758903337548,3.50279007147699,0.0022797841597256,0.0395962511952341,-1.43906988289497
"267","TC1600010798.hg.1","55565","ZNF821",-0.808667737063911,3.99775346906652,-3.50005262501472,0.00229419657636779,0.0396944281451396,-1.44487125740715
"268","TC0900007457.hg.1","643827","CNTNAP3P2",1.55144404533553,6.6076701069627,3.49846044600999,0.00230262050712065,0.0396944281451396,-1.44824512500917
"269","TC1300009330.hg.1","64062","RBM26",0.702886615747151,6.56357170508973,3.49485978608178,0.0023217834764133,0.0397780387251366,-1.45587397422563
"270","TC1400009147.hg.1","5836","PYGL",1.23323163964038,8.06637196385585,3.49273833502431,0.00233314744177667,0.0397780387251366,-1.46036809132781
"271","TC1000012561.hg.1","221037","JMJD1C",0.805284628067134,8.36138178936842,3.49270982384208,0.00233330053993767,0.0397780387251366,-1.46042848645101
"272","TC0800007080.hg.1","665","BNIP3L",0.941770224276398,10.3064290915906,3.48634486529002,0.00236772764987002,0.0402165505235276,-1.4739090582551
"273","TC2000008228.hg.1","6614","SIGLEC1",-0.761906360767687,6.29984023720074,-3.48450710632662,0.00237776054352421,0.0402390245827173,-1.4778004590115
"274","TC0100015353.hg.1","7812","CSDE1",0.677251764671378,8.30880143725346,3.48257749851514,0.00238833991913638,0.0402705490014966,-1.4818859325191
"275","TC0100016625.hg.1","2752","GLUL",0.808639543736939,9.89119513166386,3.47891991165348,0.00240852054359946,0.0402910491441947,-1.48962880938907
"276","TC1000008908.hg.1","8036","SHOC2",0.690330973214608,7.54151260021829,3.47846917547,0.00241101905627465,0.0402910491441947,-1.49058288253981
"277","TC1700007097.hg.1","79018","GID4",0.780064262943793,4.99058221782201,3.47629409796518,0.00242311181635214,0.0402910491441947,-1.49518653890587
"278","TC0X00008824.hg.1","8277","TKTL1",-0.813449282215815,8.29574078893244,-3.47605589851301,0.0024244397536983,0.0402910491441947,-1.49569066629847
"279","TC0700013371.hg.1","7697","ZNF138",0.893804035844904,5.45833181039376,3.47409281209781,0.00243541107203397,0.0403283123756162,-1.49984510901814
"280","TC1000011352.hg.1","100144748","KLLN",-0.681059550826629,4.11053513657771,-3.46885528936018,0.00246492227680349,0.0403415461904507,-1.51092698401212
"281","TC0300006702.hg.1","23473","CAPN7",0.877359470348654,6.36414713380945,3.46770861041885,0.00247143013317418,0.0403415461904507,-1.51335277002894
"282","TC1200006721.hg.1","338339","CLEC4D",0.940428767794811,5.80795117772241,3.4663517777739,0.00247915253843177,0.0403415461904507,-1.51622293411336
"283","TC1100013110.hg.1","3703","STT3A",0.673056599362379,8.93754621584532,3.46595464364308,0.00248141731382918,0.0403415461904507,-1.51706296731556
"284","TC0400008183.hg.1","658","BMPR1B",-0.685327334536235,2.76725381096149,-3.46524860494302,0.00248544873762094,0.0403415461904507,-1.51855636127225
"285","TC1600007362.hg.1","11273","ATXN2L",0.593100373045898,8.60096809994641,3.46382488917549,0.00249359765050126,0.0403415461904507,-1.52156758728525
"286","TC0300013934.hg.1","55831","EMC3",0.828175983872915,6.43010204025733,3.46317366563717,0.00249733381178981,0.0403415461904507,-1.52294487586287
"287","TC2000007251.hg.1","10398","MYL9",1.12162770544063,8.2959606482309,3.44860604124309,0.00258236476528745,0.0415697742704809,-1.55374105721272
"288","TC0100015864.hg.1","6277","S100A6",-0.747207037172806,6.99985562829639,-3.44491119334013,0.0026043803517456,0.041778601475919,-1.56154794661117
"289","TC2200006827.hg.1","2781","GNAZ",1.11480187843909,5.71106400628272,3.44286627065804,0.00261664416675444,0.0417924782849431,-1.56586797142356
"290","TC0600007374.hg.1","8329","H2AC13",-0.765312955543719,7.66363265571686,-3.44175418615424,0.0026233373815224,0.0417924782849431,-1.56821710283675
"291","TC0100010625.hg.1","356","FASLG",-0.722085771975943,4.95114148504225,-3.4388411463695,0.00264094976498892,0.041870559657411,-1.57436979205279
"292","TC2200006540.hg.1","11274","USP18",-2.15446917471379,4.27596491653582,-3.4373747581588,0.00264985955866629,0.041870559657411,-1.5774665830394
"293","TC1200011599.hg.1","4048","LTA4H",0.933021939648977,8.4643086969153,3.4364608744379,0.00265542726831632,0.041870559657411,-1.5793964329996
"294","TC1200012708.hg.1","4938","OAS1",-1.93299717518566,7.97145047064678,-3.42303165149244,0.00273858122699376,0.0426239338294699,-1.60774290532392
"295","TC0900011021.hg.1","54881","TEX10",0.731890833745656,4.86489571254051,3.42234677066587,0.00274288992002854,0.0426239338294699,-1.60918794571385
"296","TC1500009952.hg.1","5315","PKM",-0.673749899158797,7.9308179715786,-3.42210758822792,0.00274439622313943,0.0426239338294699,-1.60969258629806
"297","TC0700007024.hg.1","8887","TAX1BP1",0.628900536534853,7.02197090658645,3.42160728770857,0.00274754960248133,0.0426239338294699,-1.61074812498487
"298","TC1600007957.hg.1","4502","MT2A",-1.28218441468184,9.92508490925353,-3.4213241177872,0.00274933599159784,0.0426239338294699,-1.61134554539434
"299","TC0600008050.hg.1","23304","UBR2",0.818127407878179,8.15870200397501,3.41360478145671,0.00279847571218773,0.0431320393618552,-1.62762753661562
"300","TC1800006650.hg.1","11031","RAB31",0.899037256075226,8.17789436171498,3.41084838852057,0.00281623056037998,0.0431320393618552,-1.63343959351546
"301","TC0100014927.hg.1","7813","EVI5",1.16590157170635,4.43590329979429,3.4101516873409,0.0028207357342152,0.0431320393618552,-1.63490848332958
"302","TC0900007604.hg.1","26578","OSTF1",0.777897692817461,8.98150952333815,3.40969019569164,0.00282372383714366,0.0431320393618552,-1.63588143448474
"303","TC1700007997.hg.1","2896","GRN",-0.856092095846854,8.9901304243266,-3.4089089195475,0.00282878959451129,0.0431320393618552,-1.63752851611482
"304","TC0800007040.hg.1","10863","ADAM28",1.10946461973658,4.40152136354722,3.40621043136245,0.0028463552116232,0.043257108808221,-1.64321684119709
"305","TC0900009164.hg.1","51116","MRPS2",-0.601706180686922,6.5791217538086,-3.39897049198408,0.00289401399677252,0.0438371956232428,-1.65847368483464
"306","TC0200015815.hg.1","2043","EPHA4",0.868914712855358,4.2071529930053,3.39563797904997,0.00291621361249087,0.0440291074827053,-1.66549401988093
"307","TC1500010857.hg.1","2038","EPB42",1.61269319494483,6.31111490350182,3.39284408523503,0.0029349539612586,0.0441677110782238,-1.67137855213821
"308","TC1600011399.hg.1","4501","MT1X",-1.09466171122064,8.79130359108809,-3.37726556690328,0.00304163578828617,0.0453467809259696,-1.70417096485114
"309","TC1200008488.hg.1","10154","PLXNC1",0.897274631976298,9.24150702105777,3.37619061163657,0.00304913583163594,0.0453467809259696,-1.70643250372045
"310","TC1600010685.hg.1","55512","SMPD3",0.872212840136009,4.58275883743751,3.3761508407845,0.00304941366359919,0.0453467809259696,-1.70651617237429
"311","TC0900008150.hg.1","7111","TMOD1",0.864482821490468,6.49218537622329,3.37570002895852,0.00305256469003822,0.0453467809259696,-1.70746456078059
"312","TC0500010930.hg.1","373","TRIM23",0.713499431839343,6.19713699719123,3.37310662065604,0.00307075389733618,0.0454707788644011,-1.7129198607037
"313","TC1500010778.hg.1","3603","IL16",0.568967830280136,7.60587814521395,3.37125360478093,0.0030838153421727,0.045518296743891,-1.71681715860428
"314","TC0200011624.hg.1","129607","CMPK2",-2.19569501297221,6.26056405408774,-3.3669478989361,0.00311437595727699,0.045822983829999,-1.72587116418998
"315","TC0400012019.hg.1","2993","GYPA",1.63315042741636,4.73912677245048,3.36452914215201,0.00313167365388476,0.0459312135903098,-1.73095617630228
"316","TC0700010185.hg.1","27102","EIF2AK1",0.943398742815339,8.06978127349483,3.36254548375915,0.00314593003605235,0.0459942935650692,-1.73512586010356
"317","TC0400008105.hg.1","55008","HERC6",-0.864787122098445,6.78490113908134,-3.35431799728472,0.00320574261501356,0.0467209176068223,-1.75241426750229
"318","TC1200012803.hg.1","4666","NACA",0.679142329784509,7.6885362634151,3.35119401906216,0.00322874426469273,0.0467865443277964,-1.75897616721369
"319","TC1200012190.hg.1","8638","OASL",-1.36620986576276,7.29524732212707,-3.35095652909914,0.00323049948930023,0.0467865443277964,-1.75947495673113
"320","TC0100013194.hg.1","8672","EIF4G3",0.665903057070599,8.92234372514518,3.34946557917309,0.00324154008451644,0.0467973398931582,-1.7626061478731
"321","TC1900011012.hg.1","54958","TMEM160",-0.678106865063318,7.08033581457494,-3.34646079421614,0.00326390322014311,0.0467973398931582,-1.76891562437985
"322","TC1000010844.hg.1","55680","RUFY2",0.770150233859113,5.45666493201087,3.34543727745658,0.0032715552184899,0.0467973398931582,-1.77106451862551
"323","TC1200006700.hg.1","55810","FOXJ2",0.752913336661347,6.37260571764943,3.34540964132937,0.00327176207478141,0.0467973398931582,-1.77112253914554
"324","TC0200014617.hg.1","4703","NEB",-0.675083566398715,3.88049801487543,-3.3386957626487,0.00332239703097516,0.047374920626868,-1.78521468505658
"325","TC2200007035.hg.1","29796","UQCR10",-0.97266802332373,5.13372743344577,-3.33507706114717,0.00335000627690112,0.0475263649941235,-1.79280746911954
"326","TC0700007398.hg.1","83637","ZMIZ2",0.648227934922661,6.07251691247275,3.33460923240769,0.00335359198876283,0.0475263649941235,-1.79378893088797
"327","TC0300009289.hg.1","389170","LEKR1",0.823392419088333,2.68840476053022,3.33317312555527,0.00336462264704876,0.0475368704261934,-1.79680155096958
"328","TC0100016971.hg.1","51094","ADIPOR1",0.773252156919645,10.7320230532152,3.33047655478234,0.00338543095319078,0.0476850335479921,-1.80245751450754
"329","TC1500010292.hg.1","23478","SEC11A",0.581549278753616,7.43886963464158,3.32630228230535,0.00341789085444593,0.0479959141262621,-1.81121079092192
"330","TC0X00008108.hg.1","84187","TMEM164",0.712257781656036,7.09398252386873,3.32456334236744,0.00343150291772145,0.0480410408481003,-1.81485651427051
"331","TC0400012857.hg.1","9693","RAPGEF2",0.829760698562751,6.75086820542703,3.32043898552053,0.0034640001289478,0.0483478514726702,-1.82350151291526
"332","TC0700012812.hg.1","23608","MKRN1",0.920858267510713,9.19665734886186,3.3191336719812,0.00347434776816591,0.0483478514726702,-1.82623703026272
"333","TC0100007398.hg.1","23585","TMEM50A",0.717025903590139,8.86814477701712,3.31703104445724,0.00349107963481158,0.0484347985370255,-1.83064292384628
"334","TC0600011136.hg.1","8339","H2BC8",-0.909351300842173,6.2870549418663,-3.31456038982514,0.00351084092472226,0.0485523570897311,-1.83581913986085
"335","TC1700012346.hg.1","1366","CLDN7",-0.711635975397019,6.04851150498568,-3.31334884110426,0.00352057134741556,0.0485523570897311,-1.83835709327924
"336","TC1200009913.hg.1","8531","YBX3",1.00956562030239,9.96948332377854,3.30927724624811,0.00355346571575645,0.0488601535916512,-1.84688464494772
"337","TC0400011548.hg.1","51176","LEF1",0.864290121088425,8.41716051992869,3.30421601602235,0.00359477486899909,0.0492814833672872,-1.85748137091317
"338","TC0200006583.hg.1","9781","RNF144A",0.625337180192495,5.84883718056862,3.30149520677915,0.00361717559927985,0.0493780439493697,-1.86317632301257
"339","TC1700007014.hg.1","7314","UBB",0.70174205709575,10.1540950168523,3.30076700054119,0.00362319413394726,0.0493780439493697,-1.86470034537873
"340","TC0800012422.hg.1","80124","VCPIP1",0.600826643622258,7.07733772458559,3.29568674386022,0.00366545524830971,0.0495209812302077,-1.87533025346874
"341","TC2000008750.hg.1","140838","NANP",-0.694761226351699,5.93816542860089,-3.29477709956109,0.00367307303289008,0.0495209812302077,-1.87723316727375
"342","TC0700009680.hg.1","55365","TMEM176A",-1.77034438305972,5.09116221513613,-3.29402069261318,0.00367941932640939,0.0495209812302077,-1.87881542102945
"343","TC0X00008794.hg.1","6535","SLC6A8",0.949862493664497,8.35592293058003,3.29322273806876,0.00368612583048403,0.0495209812302077,-1.88048448760496
"344","TC0100011712.hg.1","164127","CCDC185",-0.747812322950014,5.23332702168111,-3.29308596870152,0.00368727652450032,0.0495209812302077,-1.88077055557039
"345","TC1100006812.hg.1","7702","ZNF143",0.672971093061856,7.19976871305648,3.28888335290453,0.00372280651952558,0.0497113250260711,-1.88955935815463
"346","TC1300008439.hg.1","219402","MTIF3",0.871490600216127,4.75879586454028,3.28886418158419,0.00372296936342437,0.0497113250260711,-1.88959944421958
"347","TC1300006474.hg.1","54737","MPHOSPH8",0.734037240903482,4.26934058751624,3.28619432456356,0.00374571566409605,0.0498709117236996,-1.89518138914132
